granularity,rouge1,rouge2,rougeL,bertscore_p,bertscore_r,bertscore_f1
long,0.2142667897444898,0.06820784729586425,0.12375396360654022,0.7681154608726501,0.7144026756286621,0.7402828335762024
short,0.27813901345291475,0.08411134658342402,0.1869674887892377,0.7938542664051056,0.7089322805404663,0.7485646903514862
tiny,0.24528301886792453,0.11764705882352941,0.1509433962264151,0.7442243695259094,0.7265508770942688,0.7352731227874756
