case_id,granularity,rouge1,rouge2,rougeL,bertscore_p,bertscore_r,bertscore_f1
CJ-AL-0007,long,0.2668977469670711,0.09739130434782607,0.1559792027729636,0.7744518518447876,0.7172989249229431,0.7447806000709534
CJ-AL-0020,long,0.1616358325219085,0.03902439024390244,0.09152872444011684,0.7617790699005127,0.7115064263343811,0.7357850670814514
CJ-AL-0007,short,0.35,0.11392405063291139,0.2125,0.8020443916320801,0.7502217292785645,0.775268018245697
CJ-AL-0020,short,0.20627802690582955,0.05429864253393665,0.16143497757847536,0.7856641411781311,0.6676428318023682,0.7218613624572754
CJ-AL-0007,tiny,0.37735849056603776,0.23529411764705882,0.18867924528301888,0.7827677726745605,0.7690627574920654,0.775854766368866
CJ-AL-0020,tiny,0.11320754716981131,0.0,0.11320754716981131,0.7056809663772583,0.6840389966964722,0.6946914792060852
