{
  "No": {
    "precision": 0.9593908629441624,
    "recall": 0.9642857142857143,
    "f1-score": 0.9618320610687023,
    "support": 196.0
  },
  "Yes": {
    "precision": 0.9391304347826087,
    "recall": 0.9310344827586207,
    "f1-score": 0.935064935064935,
    "support": 116.0
  },
  "accuracy": 0.9519230769230769,
  "macro avg": {
    "precision": 0.9492606488633856,
    "recall": 0.9476600985221675,
    "f1-score": 0.9484484980668186,
    "support": 312.0
  },
  "weighted avg": {
    "precision": 0.9518581396533283,
    "recall": 0.9519230769230769,
    "f1-score": 0.9518801808878146,
    "support": 312.0
  }
}