{
  "Criminal Justice": {
    "precision": 0.9537037037037037,
    "recall": 0.9626168224299065,
    "f1-score": 0.958139534883721,
    "support": 107.0
  },
  "Civil Rights & Equality": {
    "precision": 0.9736842105263158,
    "recall": 0.8809523809523809,
    "f1-score": 0.925,
    "support": 42.0
  },
  "Healthcare & Disability": {
    "precision": 0.6666666666666666,
    "recall": 0.625,
    "f1-score": 0.6451612903225806,
    "support": 16.0
  },
  "Immigration & Education": {
    "precision": 0.8554216867469879,
    "recall": 0.9594594594594594,
    "f1-score": 0.9044585987261147,
    "support": 74.0
  },
  "Speech & Voting": {
    "precision": 0.8676470588235294,
    "recall": 0.8082191780821918,
    "f1-score": 0.8368794326241135,
    "support": 73.0
  },
  "accuracy": 0.8974358974358975,
  "macro avg": {
    "precision": 0.8634246652934408,
    "recall": 0.8472495681847878,
    "f1-score": 0.8539277713113058,
    "support": 312.0
  },
  "weighted avg": {
    "precision": 0.8982280125591762,
    "recall": 0.8974358974358975,
    "f1-score": 0.8965245056570904,
    "support": 312.0
  }
}