{
  "Criminal Justice": {
    "precision": 0.925,
    "recall": 0.8809523809523809,
    "f1-score": 0.9024390243902439,
    "support": 42.0
  },
  "Civil Rights & Equality": {
    "precision": 0.9444444444444444,
    "recall": 0.8947368421052632,
    "f1-score": 0.918918918918919,
    "support": 19.0
  },
  "Healthcare & Disability": {
    "precision": 0.6153846153846154,
    "recall": 0.8888888888888888,
    "f1-score": 0.7272727272727273,
    "support": 9.0
  },
  "Immigration & Education": {
    "precision": 0.8627450980392157,
    "recall": 0.9777777777777777,
    "f1-score": 0.9166666666666666,
    "support": 45.0
  },
  "Speech & Voting": {
    "precision": 0.8717948717948718,
    "recall": 0.7391304347826086,
    "f1-score": 0.8,
    "support": 46.0
  },
  "accuracy": 0.8695652173913043,
  "macro avg": {
    "precision": 0.8438738059326294,
    "recall": 0.8762972649013839,
    "f1-score": 0.8530594674497113,
    "support": 161.0
  },
  "weighted avg": {
    "precision": 0.8773850900449367,
    "recall": 0.8695652173913043,
    "f1-score": 0.8693003293745607,
    "support": 161.0
  }
}