{
  "No": {
    "precision": 0.94,
    "recall": 0.9791666666666666,
    "f1-score": 0.9591836734693877,
    "support": 96.0
  },
  "Yes": {
    "precision": 0.9672131147540983,
    "recall": 0.9076923076923077,
    "f1-score": 0.9365079365079365,
    "support": 65.0
  },
  "accuracy": 0.9503105590062112,
  "macro avg": {
    "precision": 0.9536065573770491,
    "recall": 0.9434294871794872,
    "f1-score": 0.9478458049886621,
    "support": 161.0
  },
  "weighted avg": {
    "precision": 0.9509866612361266,
    "recall": 0.9503105590062112,
    "f1-score": 0.950028872832777,
    "support": 161.0
  }
}