{
  "No": {
    "precision": 0.96045197740113,
    "recall": 0.8673469387755102,
    "f1-score": 0.9115281501340483,
    "support": 196.0
  },
  "Yes": {
    "precision": 0.8074074074074075,
    "recall": 0.9396551724137931,
    "f1-score": 0.8685258964143426,
    "support": 116.0
  },
  "accuracy": 0.8942307692307693,
  "macro avg": {
    "precision": 0.8839296924042688,
    "recall": 0.9035010555946517,
    "f1-score": 0.8900270232741955,
    "support": 312.0
  },
  "weighted avg": {
    "precision": 0.9035507911214128,
    "recall": 0.8942307692307693,
    "f1-score": 0.8955401327254399,
    "support": 312.0
  }
}