{
  "No": {
    "precision": 0.9444444444444444,
    "recall": 0.8854166666666666,
    "f1-score": 0.9139784946236559,
    "support": 96.0
  },
  "Yes": {
    "precision": 0.8450704225352113,
    "recall": 0.9230769230769231,
    "f1-score": 0.8823529411764706,
    "support": 65.0
  },
  "accuracy": 0.9006211180124224,
  "macro avg": {
    "precision": 0.8947574334898278,
    "recall": 0.9042467948717949,
    "f1-score": 0.8981657179000633,
    "support": 161.0
  },
  "weighted avg": {
    "precision": 0.9043244977109031,
    "recall": 0.9006211180124224,
    "f1-score": 0.9012104140393885,
    "support": 161.0
  }
}