{
  "No": {
    "precision": 0.8577981651376146,
    "recall": 0.9540816326530612,
    "f1-score": 0.9033816425120773,
    "support": 196.0
  },
  "Yes": {
    "precision": 0.9042553191489362,
    "recall": 0.7327586206896551,
    "f1-score": 0.8095238095238095,
    "support": 116.0
  },
  "accuracy": 0.8717948717948718,
  "macro avg": {
    "precision": 0.8810267421432754,
    "recall": 0.8434201266713581,
    "f1-score": 0.8564527260179434,
    "support": 312.0
  },
  "weighted avg": {
    "precision": 0.8750706967572086,
    "recall": 0.8717948717948718,
    "f1-score": 0.8684857815292599,
    "support": 312.0
  }
}