{
  "No": {
    "precision": 0.8785046728971962,
    "recall": 0.9791666666666666,
    "f1-score": 0.9261083743842364,
    "support": 96.0
  },
  "Yes": {
    "precision": 0.9629629629629629,
    "recall": 0.8,
    "f1-score": 0.8739495798319328,
    "support": 65.0
  },
  "accuracy": 0.906832298136646,
  "macro avg": {
    "precision": 0.9207338179300796,
    "recall": 0.8895833333333334,
    "f1-score": 0.9000289771080846,
    "support": 161.0
  },
  "weighted avg": {
    "precision": 0.9126027403150524,
    "recall": 0.906832298136646,
    "f1-score": 0.9050504759624989,
    "support": 161.0
  }
}