{
  "Criminal Justice": {
    "precision": 0.9,
    "recall": 0.8411214953271028,
    "f1-score": 0.8695652173913043,
    "support": 107.0
  },
  "Civil Rights & Equality": {
    "precision": 0.68,
    "recall": 0.8095238095238095,
    "f1-score": 0.7391304347826086,
    "support": 42.0
  },
  "Healthcare & Disability": {
    "precision": 0.2,
    "recall": 0.125,
    "f1-score": 0.15384615384615385,
    "support": 16.0
  },
  "Immigration & Education": {
    "precision": 0.7536231884057971,
    "recall": 0.7027027027027027,
    "f1-score": 0.7272727272727273,
    "support": 74.0
  },
  "Speech & Voting": {
    "precision": 0.6506024096385542,
    "recall": 0.7397260273972602,
    "f1-score": 0.6923076923076923,
    "support": 73.0
  },
  "accuracy": 0.7435897435897436,
  "macro avg": {
    "precision": 0.6368451196088702,
    "recall": 0.643614806990175,
    "f1-score": 0.6364244451200973,
    "support": 312.0
  },
  "weighted avg": {
    "precision": 0.741416961043729,
    "recall": 0.7435897435897436,
    "f1-score": 0.7400805716023108,
    "support": 312.0
  }
}