{
  "No": {
    "precision": 0.9107142857142857,
    "recall": 0.7806122448979592,
    "f1-score": 0.8406593406593407,
    "support": 196.0
  },
  "Yes": {
    "precision": 0.7013888888888888,
    "recall": 0.8706896551724138,
    "f1-score": 0.7769230769230769,
    "support": 116.0
  },
  "accuracy": 0.8141025641025641,
  "macro avg": {
    "precision": 0.8060515873015872,
    "recall": 0.8256509500351865,
    "f1-score": 0.8087912087912088,
    "support": 312.0
  },
  "weighted avg": {
    "precision": 0.8328881766381766,
    "recall": 0.8141025641025641,
    "f1-score": 0.8169625246548323,
    "support": 312.0
  }
}