{
  "No": {
    "precision": 0.9186046511627907,
    "recall": 0.8229166666666666,
    "f1-score": 0.8681318681318682,
    "support": 96.0
  },
  "Yes": {
    "precision": 0.7733333333333333,
    "recall": 0.8923076923076924,
    "f1-score": 0.8285714285714286,
    "support": 65.0
  },
  "accuracy": 0.8509316770186336,
  "macro avg": {
    "precision": 0.845968992248062,
    "recall": 0.8576121794871795,
    "f1-score": 0.8483516483516484,
    "support": 161.0
  },
  "weighted avg": {
    "precision": 0.8599547402378545,
    "recall": 0.8509316770186336,
    "f1-score": 0.8521602620981504,
    "support": 161.0
  }
}