{
  "Criminal Justice": {
    "precision": 0.6481481481481481,
    "recall": 0.9813084112149533,
    "f1-score": 0.7806691449814126,
    "support": 107.0
  },
  "Civil Rights & Equality": {
    "precision": 1.0,
    "recall": 0.7142857142857143,
    "f1-score": 0.8333333333333334,
    "support": 42.0
  },
  "Healthcare & Disability": {
    "precision": 1.0,
    "recall": 0.125,
    "f1-score": 0.2222222222222222,
    "support": 16.0
  },
  "Immigration & Education": {
    "precision": 0.9090909090909091,
    "recall": 0.6756756756756757,
    "f1-score": 0.7751937984496124,
    "support": 74.0
  },
  "Speech & Voting": {
    "precision": 0.873015873015873,
    "recall": 0.7534246575342466,
    "f1-score": 0.8088235294117647,
    "support": 73.0
  },
  "accuracy": 0.7756410256410257,
  "macro avg": {
    "precision": 0.8860509860509861,
    "recall": 0.6499388917421178,
    "f1-score": 0.684048405679669,
    "support": 312.0
  },
  "weighted avg": {
    "precision": 0.8280600572267238,
    "recall": 0.7756410256410257,
    "f1-score": 0.76440901538749,
    "support": 312.0
  }
}